2	Giles	Kienzle	gkienzle1@scribd.com	Male	51
24	Vaclav	Dooly	vdoolyn@hugedomains.com	Male	60
94	Art	Feedham	afeedham2l@surveymonkey.com	Male	52
107	Gearard	Magovern	gmagovern2y@bing.com	Male	52
108	Carlos	Spelwood	cspelwood2z@accuweather.com	Male	54
149	Rudolfo	Jordan	rjordan44@indiatimes.com	Male	54
238	Townsend	Estcot	testcot6l@sciencedirect.com	Male	59
242	Johnnie	Houson	jhouson6p@last.fm	Male	59
280	Reube	Kelbie	rkelbie7r@live.com	Male	53
283	Ario	Cirlos	acirlos7u@typepad.com	Male	56
288	Des	Oakeby	doakeby7z@skype.com	Male	58
289	Des	Fladgate	dfladgate80@go.com	Male	58
307	Toiboid	MacGraith	tmacgraith8i@creativecommons.org	Male	54
310	Markus	Dougliss	mdougliss8l@buzzfeed.com	Male	55
332	Teodoro	Braunes	tbraunes97@abc.net.au	Male	57
334	Barn	Vossgen	bvossgen98@goo.ne.jp	Male	53
358	Pepe	Tibald	ptibald9w@networksolutions.com	Male	51
362	Tremayne	Standingford	tstandingforda0@amazonaws.com	Male	54
368	Orlan	Guard	oguarda6@alexa.com	Male	55
398	Scarface	MacKaile	smackaileb0@washingtonpost.com	Male	53
421	Amory	Virgin	avirginbn@chicagotribune.com	Male	54
430	Earle	Castellaccio	ecastellacciobw@cbsnews.com	Male	52
451	Nikolai	Neil	nneilch@pbs.org	Male	52
453	Ira	Jacop	ijacopcj@noaa.gov	Male	52
478	Nicolas	O'Lahy	nolahyd8@ebay.co.uk	Male	59
479	Thadeus	Giffard	tgiffardd9@uiuc.edu	Male	53
496	Bev	Rubert	brubertdq@gnu.org	Male	51
497	Giacopo	Launder	glaunderdr@apple.com	Male	53
531	Ara	Gaskell	agaskellep@chronoengine.com	Male	58
574	Darnell	Possa	dpossafw@phpbb.com	Male	58
580	Raynard	Coull	rcoullg2@yale.edu	Male	59
581	Cyril	Frank	cfrankg3@sciencedaily.com	Male	52
634	Brannon	Bodsworth	bbodsworthhk@com.com	Male	60
648	Hermon	Gerry	hgerryhy@buzzfeed.com	Male	59
657	Dougie	Pendergast	dpendergasti7@blogger.com	Male	59
667	Taite	Murrigans	tmurrigansih@is.gd	Male	54
673	Greg	Rowston	growstonin@godaddy.com	Male	53
690	Eugen	Alejo	ealejoj4@hatena.ne.jp	Male	52
700	Warren	Calloway	wcallowayje@cargocollective.com	Male	59
712	Rick	Bulter	rbulterjq@jalbum.net	Male	53
726	Saunders	Cudby	scudbyk4@naver.com	Male	57
743	Sheridan	Ellingsworth	sellingsworthkl@homestead.com	Male	54
744	Shayne	Rollings	srollingskm@yahoo.com	Male	55
828	Jarred	Lodemann	jlodemannmy@tinypic.com	Male	51
830	Laurie	Chedgey	lchedgeyn0@china.com.cn	Male	60
841	Ulberto	Lidgate	ulidgatenb@cyberchimps.com	Male	60
849	Pat	Hagstone	phagstonenj@ustream.tv	Male	54
850	Jeremy	Titherington	jtitheringtonnk@rediff.com	Male	53
866	Millard	Shoebridge	mshoebridgeo0@slideshare.net	Male	57
873	Alanson	Webley	awebleyo7@google.com.br	Male	59
903	Nicolais	Trahair	ntrahairp1@tuttocitta.it	Male	56
908	Farlay	Oxherd	foxherdp6@photobucket.com	Male	55
950	Zachariah	Bearne	zbearneqc@liveinternet.ru	Male	60
964	Urbanus	Kynforth	ukynforthqq@hubpages.com	Male	52
966	Bartholemy	McLenaghan	bmclenaghanqs@salon.com	Male	56
990	Laurence	Rings	lringsrg@apache.org	Male	54
995	Basil	Helin	bhelinrl@nationalgeographic.com	Male	57
998	Randell	Yushankin	ryushankinro@tamu.edu	Male	60
